,date,username,tweet
0,2013-01-06 16:12:21+00:00,peeupe,Haha lanjut nanti dikasih sawer deh D RT RahmadefendYY tega tega teganya dangdut RT cont
1,2013-01-06 16:11:15+00:00,RahmadefendYY,tega tega teganya dangdut RT ulfahurriyahHD Silahkan Eeehh D RT RahmadefendYY ipen nangis yah bolehkan RT ulfahurriyahHD
2,2013-01-06 15:58:55+00:00,phiansquad,Jalan cintaku banyak durinya Dangdut
3,2013-01-06 15:20:03+00:00,adendenie,Rasa cinta pasti ada pada makhluk yg bernyawa nyanyi dangdut
4,2013-01-06 15:12:02+00:00,areenneena,Tribute to rock bila nak buat tribute to dangdut pulak AJL27
5,2013-01-06 14:12:53+00:00,Dmask_man,Malam ini malam trakhir bgi kita dangdut
6,2013-01-06 14:11:00+00:00,vivianadesi,Untuk apa aku mikirin kamu Belum tentu kamu mikirin aku Lebih baikku tinggalkanmu Pergi lupakanmu dangdut cc rismaaaaaaaaaaa
7,2013-01-06 13:54:08+00:00,nynenaaa,aku bete sama kamu aku bete bete bete dangdut modeon
8,2013-01-06 13:44:25+00:00,nrmnhkm,Cinta satu malam ohhh indahnyaa cinta satu malam buadd ku melayanggg dangdut
9,2013-01-06 12:47:00+00:00,IrwanPom,Waiikii Seng d arani dangdut lovers RT ChouPingKaeIsal pengen liat ViaVallen01 perform live nich
10,2013-01-06 10:06:39+00:00,ali_assssegaf,Kok cepet mas balike Onok akeh rupane ora mas Seng wingi layu sebelum kembang dangdut
11,2013-01-06 07:54:27+00:00,ansopp,banjaran ciin katanya RT timtom86 ansopp emang nyanyik dangdut banyak duta nya nun concreteangel lo remik dangdut aja nun
12,2013-01-06 07:04:37+00:00,FitriaUbaidy,Nyanyi wkwkkwk dangdut RT yiihaaaa Hmm RT FitriaMercedes Mengapa tak semesra dulumengapa tak seindah
13,2013-01-06 03:38:16+00:00,richardoyamato,ªªªªñÑñ†††ªªªªªPPPP RT marioduarte76 Kreatifitas artis dangdut itu yg paling top dari semua genre musik lain dangdut
14,2013-01-06 03:36:02+00:00,rendy_p94,Hobbaaaaah goyang getar lemak RT marioduarte76 Kreatifitas artis dangdut itu yg paling top dari semua genre musik lain dangdut
15,2013-01-06 03:33:19+00:00,Lanwulaanf,haha ributnya pRT M3saw Liriknya imam s arifin dangdut RT ISwulaandary asal jangan kau bunuh aku dengan cintamu eaeaaa
16,2013-01-06 03:22:36+00:00,M3saw,Liriknya imam s arifin dangdut RT ISwulaandary asal jangan kau bunuh aku dengan cintamu eaeaaa
17,2013-01-06 03:04:32+00:00,niiajosy,Kerasin volume Biar padaa dengerr dangdut remix D
18,2013-01-06 03:01:59+00:00,09ade09,Dum Dum Suara speker pecah krna trlalu kras nyetel Dangdut
19,2013-01-06 02:50:44+00:00,anggakaristiyan,winiizzz nikmatin aja dari pda sakit mkn yg wwiihhh juga kaga enakkan terima apa adanya dangdut
20,2013-01-06 01:02:46+00:00,ardyholland,Dawai Asmara menyemarakan pagi ini Dangdut RidhoRhoma
21,2013-01-05 20:28:50+00:00,Derry___,Lain lari k minuman urg mahmenegak minumanhahawidhieeihdiw Jgn karna putus cinta kau lari ke minuman dangdut RT Derry
22,2013-01-05 19:55:21+00:00,noonaades,Terlalu takut utk tidur terlalu resah utk terjaga INTINYA GALAU LAH Syit dangdut abis cc tommradd
23,2013-01-05 19:21:44+00:00,cakepansiiboy,DMerlyanto kalo dua racun kencang ditt dangdut
24,2013-01-05 17:30:35+00:00,DMerlyanto,cakepansiiboy biasa jg km dengerin lagu dangdut boy
25,2013-01-05 17:23:35+00:00,icchasiregar,Masa lalubiarlah masa lalu dangdut
26,2013-01-05 17:07:29+00:00,iza_damya,Mcm goyang2 badan i packing kerisik ni sambil tgk tv1 dangdut
27,2013-01-05 16:36:18+00:00,tongsengjago,Nek sek nyanyi koe ora kok mex RT sukmawardhany Nek sing nyanyi lanang marai nyepeti moto dangdut
28,2013-01-05 15:24:18+00:00,laylamubarokah,hadroh oke musikklasik nikmat jazz ngangguk2 rock loncat2 dangdut stress ´
29,2013-01-05 15:08:15+00:00,aqusintakamu,setuju RT SlimShandyID Dangdut jadi murahan karena ulah penyanyinya sendiri modal goyang baju menerawang
30,2013-01-05 14:31:19+00:00,CimenkF,jgn Gila dong Dangdut SriLestarry61 btul skli lnjuttpi bs qblz kaw lbih gilawkwkwk CimenkF Kau fikir kaulah segalanya Nyanyi
31,2013-01-05 11:34:53+00:00,fauzanaditya21,hidup tanpa cinta bagai taman tak berbunga dangdut
32,2013-01-05 09:15:52+00:00,fairuzmalique,Berdegup jantung ku bila ku dgr namamu ah ah ah goyang dangdut
33,2013-01-05 08:49:37+00:00,nitaafriyanti,Engga jutek Ervan1899 Ada yg salah RT nitaafriyanti Ervan1899 menu hari ini Kopirokok dan gak ketinggalan Dangdut
34,2013-01-05 08:48:22+00:00,FirgieDitara,Dimanapun ada bayanganmu pikiranpun teringat bayanganmu gtlt Dangdut mode ON m
35,2013-01-05 08:47:39+00:00,ervan_gabeerrr,Ada yg salah RT nitaafriyanti Ervan1899 menu hari ini Kopirokok dan gak ketinggalan Dangdut D
36,2013-01-05 08:43:37+00:00,nitaafriyanti,Ervan1899 menu hari ini Kopirokok dan gak ketinggalan Dangdut D
37,2013-01-05 08:42:27+00:00,ervan_gabeerrr,menu hari ini Kopirokok dan gak ketinggalan Dangdut D
38,2013-01-05 06:49:42+00:00,SyahrielAI,Kenapa kau datang untuk pergi dangdut
39,2013-01-05 06:42:03+00:00,LindaAkuy,Kenapa hatiku berdebar2 dangdutafriliaSafitri lembayungmega WidazAiie DimasDatuk PrincessWoman1 DarwisLinda ghyapianiqu knapa
40,2013-01-05 05:15:56+00:00,ahmadhidayahqd,Asik jg lagu dangdut kepengen2
41,2013-01-05 05:04:41+00:00,lekyozz,udh jamnya RT mitamutia nyeriiinyerinyeriiinyeriii dangdut
42,2013-01-05 05:01:07+00:00,mitamutia,nyeriiinyerinyeriiinyeriii dangdut
43,2013-01-05 04:07:46+00:00,desliyanaputri,Batibul D RT shalli12tiqa Bayi 3 bulan ngelirik dangdut hihiii
44,2013-01-05 03:06:24+00:00,HDSLestari,gw pkir lu udh maen 3 RT alchimoneta pumpitup fiesta2 world music ayutingting sikasik indonesia dangdut
45,2013-01-05 03:01:07+00:00,wiguna_hery,abg tua kelakuan kamu semangkin gila dangdut
46,2013-01-05 02:56:17+00:00,Alex_Ramesti,Dangdut emang paling pas buat manggut manggutmeskipun lagunya galau tetep aja bs jogetdangdut
47,2013-01-05 02:40:16+00:00,kodokkterbang,Nah lu msh ddlm kandungan dah goyang itik haha RT shalli12tiqa Bayi 3 bulan ngelirik dangdut hihiii
48,2013-01-05 02:31:24+00:00,shalli12tiqa,Bayi 3 bulan ngelirik dangdut hihiii
49,2013-01-05 02:12:03+00:00,iriyantiulfa1,hahaha buru wi joged jiga ker kelas 1 geningD Dwiduaaa barengrendyhahihu haha dangdut keliling tea D yaaloh hayng serrii ngakakk
